{"@module": "pymatgen.core.structure", "@class": "Structure", "charge": 0.0, "lattice": {"matrix": [[2.59722322, 0.0, 1.49950824], [0.86574108, 2.44868455, 1.49950824], [1e-08, 1e-08, 2.99901445]], "pbc": [true, true, true], "a": 2.9990154078188835, "b": 2.99901460563902, "c": 2.99901445, "alpha": 59.99997908161426, "beta": 59.999987982580606, "gamma": 59.99998314017752, "volume": 19.073073170918462}, "properties": {}, "sites": [{"species": [{"element": "Ti", "occu": 1.0}], "abc": [0.0, 0.0, -0.0], "properties": {}, "label": "Ti", "xyz": [0.0, 0.0, 0.0]}, {"species": [{"element": "N", "occu": 1.0}], "abc": [0.5, 0.5, 0.5], "properties": {}, "label": "N", "xyz": [1.7314821550000001, 1.22434228, 2.9990154650000003]}]}