{"@module": "pymatgen.core.structure", "@class": "Structure", "charge": 0.0, "lattice": {"matrix": [[2.19071987, 0.0, 1.26481248], [0.73024029, 2.06543106, 1.26481248], [-0.0, -0.0, 2.52962495]], "pbc": [true, true, true], "a": 2.5296252999953506, "b": 2.5296258526342896, "c": 2.52962495, "alpha": 60.00001167291316, "beta": 60.000004446095396, "gamma": 60.000002640914175, "volume": 11.445998564977856}, "properties": {}, "sites": [{"species": [{"element": "Cu", "occu": 1.0}], "abc": [-0.0, -0.0, -0.0], "properties": {}, "label": "Cu", "xyz": [0.0, 0.0, 0.0]}]}