{
  "identifier": null,
  "structure": {
    "@module": "pymatgen.core.structure",
    "@class": "Structure",
    "charge": 0.0,
    "lattice": {
      "matrix": [
        [
          3e-16,
          1.7844611954188698,
          1.7844611954188698
        ],
        [
          1.7844611954188698,
          0.0,
          1.7844611954188698
        ],
        [
          1.78446119541887,
          1.7844611954188698,
          2e-16
        ]
      ],
      "pbc": [
        true,
        true,
        true
      ],
      "a": 2.5236092240898715,
      "b": 2.5236092240898715,
      "c": 2.5236092240898715,
      "alpha": 59.99999999999999,
      "beta": 59.99999999999999,
      "gamma": 59.99999999999999,
      "volume": 11.364525843152222
    },
    "properties": {},
    "sites": [
      {
        "species": [
          {
            "element": "Cu",
            "occu": 1.0
          }
        ],
        "abc": [
          0.0,
          0.0,
          0.0
        ],
        "properties": {},
        "label": "Cu",
        "xyz": [
          0.0,
          0.0,
          0.0
        ]
      }
    ]
  },
  "run_type": null,
  "frequencies": [
    -0.5268461896,
    -0.4809969516,
    -0.4351477136,
    -0.3892984755,
    -0.3434492375,
    -0.2975999994,
    -0.2517507614,
    -0.2059015234,
    -0.1600522853,
    -0.1142030473,
    -0.0683538093,
    -0.0225045712,
    0.0233446668,
    0.0691939048,
    0.1150431429,
    0.1608923809,
    0.2067416189,
    0.252590857,
    0.298440095,
    0.344289333,
    0.3901385711,
    0.4359878091,
    0.4818370472,
    0.5276862852,
    0.5735355232,
    0.6193847613,
    0.6652339993,
    0.7110832373,
    0.7569324754,
    0.8027817134,
    0.8486309514,
    0.8944801895,
    0.9403294275,
    0.9861786655,
    1.0320279036,
    1.0778771416,
    1.1237263796,
    1.1695756177,
    1.2154248557,
    1.2612740937,
    1.3071233318,
    1.3529725698,
    1.3988218079,
    1.4446710459,
    1.4905202839,
    1.536369522,
    1.58221876,
    1.628067998,
    1.6739172361,
    1.7197664741,
    1.7656157121,
    1.8114649502,
    1.8573141882,
    1.9031634262,
    1.9490126643,
    1.9948619023,
    2.0407111403,
    2.0865603784,
    2.1324096164,
    2.1782588545,
    2.2241080925,
    2.2699573305,
    2.3158065686,
    2.3616558066,
    2.4075050446,
    2.4533542827,
    2.4992035207,
    2.5450527587,
    2.5909019968,
    2.6367512348,
    2.6826004728,
    2.7284497109,
    2.7742989489,
    2.8201481869,
    2.865997425,
    2.911846663,
    2.957695901,
    3.0035451391,
    3.0493943771,
    3.0952436152,
    3.1410928532,
    3.1869420912,
    3.2327913293,
    3.2786405673,
    3.3244898053,
    3.3703390434,
    3.4161882814,
    3.4620375194,
    3.5078867575,
    3.5537359955,
    3.5995852335,
    3.6454344716,
    3.6912837096,
    3.7371329476,
    3.7829821857,
    3.8288314237,
    3.8746806618,
    3.9205298998,
    3.9663791378,
    4.0122283759,
    4.0580776139,
    4.1039268519,
    4.14977609,
    4.195625328,
    4.241474566,
    4.2873238041,
    4.3331730421,
    4.3790222801,
    4.4248715182,
    4.4707207562,
    4.5165699942,
    4.5624192323,
    4.6082684703,
    4.6541177083,
    4.6999669464,
    4.7458161844,
    4.7916654225,
    4.8375146605,
    4.8833638985,
    4.9292131366,
    4.9750623746,
    5.0209116126,
    5.0667608507,
    5.1126100887,
    5.1584593267,
    5.2043085648,
    5.2501578028,
    5.2960070408,
    5.3418562789,
    5.3877055169,
    5.4335547549,
    5.479403993,
    5.525253231,
    5.5711024691,
    5.6169517071,
    5.6628009451,
    5.7086501832,
    5.7544994212,
    5.8003486592,
    5.8461978973,
    5.8920471353,
    5.9378963733,
    5.9837456114,
    6.0295948494,
    6.0754440874,
    6.1212933255,
    6.1671425635,
    6.2129918015,
    6.2588410396,
    6.3046902776,
    6.3505395156,
    6.3963887537,
    6.4422379917,
    6.4880872298,
    6.5339364678,
    6.5797857058,
    6.6256349439,
    6.6714841819,
    6.7173334199,
    6.763182658,
    6.809031896,
    6.854881134,
    6.9007303721,
    6.9465796101,
    6.9924288481,
    7.0382780862,
    7.0841273242,
    7.1299765622,
    7.1758258003,
    7.2216750383,
    7.2675242764,
    7.3133735144,
    7.3592227524,
    7.4050719905,
    7.4509212285,
    7.4967704665,
    7.5426197046,
    7.5884689426,
    7.6343181806,
    7.6801674187,
    7.7260166567,
    7.7718658947,
    7.8177151328,
    7.8635643708,
    7.9094136088,
    7.9552628469,
    8.0011120849,
    8.0469613229,
    8.092810561,
    8.138659799,
    8.1845090371,
    8.2303582751,
    8.2762075131,
    8.3220567512,
    8.3679059892,
    8.4137552272,
    8.4596044653,
    8.5054537033,
    8.5513029413,
    8.5971521794,
    8.6430014174
  ],