{
  "identifier": null,
  "structure": {
    "@module": "pymatgen.core.structure",
    "@class": "Structure",
    "charge": 0.0,
    "lattice": {
      "matrix": [
        [
          3e-16,
          2.1027919183100354,
          2.1027919183100354
        ],
        [
          2.1027919183100354,
          0.0,
          2.1027919183100354
        ],
        [
          2.102791918310036,
          2.1027919183100354,
          3e-16
        ]
      ],
      "pbc": [
        true,
        true,
        true
      ],
      "a": 2.9737968497225897,
      "b": 2.9737968497225897,
      "c": 2.9737968497225897,
      "alpha": 59.999999999999986,
      "beta": 59.999999999999986,
      "gamma": 59.99999999999999,
      "volume": 18.595972416587383
    },
    "properties": {},
    "sites": [
      {
        "species": [
          {
            "element": "Ti",
            "occu": 1.0
          }
        ],
        "abc": [
          0.0,
          0.0,
          0.0
        ],
        "properties": {},
        "label": "Ti",
        "xyz": [
          0.0,
          0.0,
          0.0
        ]
      },
      {
        "species": [
          {
            "element": "N",
            "occu": 1.0
          }
        ],
        "abc": [
          0.5,
          0.5,
          0.5
        ],
        "properties": {},
        "label": "N",
        "xyz": [
          2.102791918310036,
          2.1027919183100354,
          2.1027919183100354
        ]
      }
    ]
  },
  "run_type": null,
  "frequencies": [
    -2.460123053,
    -2.2770923918,
    -2.0940617306,
    -1.9110310693,
    -1.7280004081,
    -1.5449697469,
    -1.3619390856,
    -1.1789084244,
    -0.9958777632,
    -0.812847102,
    -0.6298164407,
    -0.4467857795,
    -0.2637551183,
    -0.0807244571,
    0.1023062042,
    0.2853368654,
    0.4683675266,
    0.6513981879,
    0.8344288491,
    1.0174595103,
    1.2004901715,
    1.3835208328,
    1.566551494,
    1.7495821552,
    1.9326128165,
    2.1156434777,
    2.2986741389,
    2.4817048001,
    2.6647354614,
    2.8477661226,
    3.0307967838,
    3.213827445,
    3.3968581063,
    3.5798887675,
    3.7629194287,
    3.94595009,
    4.1289807512,
    4.3120114124,
    4.4950420736,
    4.6780727349,
    4.8611033961,
    5.0441340573,
    5.2271647186,
    5.4101953798,
    5.593226041,
    5.7762567022,
    5.9592873635,
    6.1423180247,
    6.3253486859,
    6.5083793471,
    6.6914100084,
    6.8744406696,
    7.0574713308,
    7.2405019921,
    7.4235326533,
    7.6065633145,
    7.7895939757,
    7.972624637,
    8.1556552982,
    8.3386859594,
    8.5217166207,
    8.7047472819,
    8.8877779431,
    9.0708086043,
    9.2538392656,
    9.4368699268,
    9.619900588,
    9.8029312492,
    9.9859619105,
    10.1689925717,
    10.3520232329,
    10.5350538942,
    10.7180845554,
    10.9011152166,
    11.0841458778,
    11.2671765391,
    11.4502072003,
    11.6332378615,
    11.8162685228,
    11.999299184,
    12.1823298452,
    12.3653605064,
    12.5483911677,
    12.7314218289,
    12.9144524901,
    13.0974831513,
    13.2805138126,
    13.4635444738,
    13.646575135,
    13.8296057963,
    14.0126364575,
    14.1956671187,
    14.3786977799,
    14.5617284412,
    14.7447591024,
    14.9277897636,
    15.1108204249,
    15.2938510861,
    15.4768817473,
    15.6599124085,
    15.8429430698,
    16.025973731,
    16.2090043922,
    16.3920350534,
    16.5750657147,
    16.7580963759,
    16.9411270371,
    17.1241576984,
    17.3071883596,
    17.4902190208,
    17.673249682,
    17.8562803433,
    18.0393110045,
    18.2223416657,
    18.405372327,
    18.5884029882,
    18.7714336494,
    18.9544643106,
    19.1374949719,
    19.3205256331,
    19.5035562943,
    19.6865869555,
    19.8696176168,
    20.052648278,
    20.2356789392,
    20.4187096005,
    20.6017402617,
    20.7847709229,
    20.9678015841,
    21.1508322454,
    21.3338629066,
    21.5168935678,
    21.6999242291,
    21.8829548903,
    22.0659855515,
    22.2490162127,
    22.432046874,
    22.6150775352,
    22.7981081964,
    22.9811388576,
    23.1641695189,
    23.3472001801,
    23.5302308413,
    23.7132615026,
    23.8962921638,
    24.079322825,
    24.2623534862,
    24.4453841475,
    24.6284148087,
    24.8114454699,
    24.9944761312,
    25.1775067924,
    25.3605374536,
    25.5435681148,
    25.7265987761,
    25.9096294373,
    26.0926600985,
    26.2756907597,
    26.458721421,
    26.6417520822,
    26.8247827434,
    27.0078134047,
    27.1908440659,
    27.3738747271,
    27.5569053883,
    27.7399360496,
    27.9229667108,
    28.105997372,
    28.2890280333,
    28.4720586945,
    28.6550893557,
    28.8381200169,
    29.0211506782,
    29.2041813394,
    29.3872120006,
    29.5702426618,
    29.7532733231,
    29.9363039843,
    30.1193346455,
    30.3023653068,
    30.485395968,
    30.6684266292,
    30.8514572904,
    31.0344879517,
    31.2175186129,
    31.4005492741,
    31.5835799354,
    31.7666105966,
    31.9496412578,
    32.132671919,
    32.3157025803,
    32.4987332415,
    32.6817639027,
    32.8647945639,
    33.0478252252,
    33.2308558864,
    33.4138865476,
    33.5969172089,
    33.7799478701,
    33.9629785313,
    34.1460091925
  ],